Name,Phone,Exp_day,Card
Igor Ivanov,+380981992298,12/20,8313 0888 1327 9173
Yegor Ivanov,+790440341707,06/20,6449 3404 7698 9723
Gleb Glasunov,+790636624477,04/19,5180 6339 0190 1717
Gleb Lifecell,+790952549991,04/19,0063 3294 5382 2235
Yegor Voron,+380952256548,02/18,7904 5763 6752 6222
Igor Ivanov,+380977524373,11/19,0008 5899 9266 1473
Leonid Smolenskiy,+790953968726,11/20,5854 4085 3246 5674
Igor Voron,+790976755890,04/20,3358 7811 9469 3367
Andrey Petrov,+790972827318,02/21,5622 5977 4631 2884
Gleb Petrov,+380443402675,01/18,7892 6023 3412 5312
Igor Petrov,+790449265373,01/18,5916 8268 4313 5096
Yegor Glasunov,+380966410835,05/18,3777 6009 2308 6397
Andrey Petrov,+790449302983,04/18,1550 6011 1042 6378
Igor Ivanov,+380445130282,09/19,2435 9216 9594 2575
Aleksandr Smolenskiy,+380634381513,05/20,1873 9416 4686 3331
Kirill Glasunov,+790987521186,08/19,2644 9384 8657 2159
Leonid Lifecell,+380950171164,08/18,7915 8937 2619 3295
Aleksandr Ivanov,+790502373013,07/18,3782 4527 7643 6408
Yegor Glasunov,+380504753529,02/20,0709 9071 4953 9232
Andrey Lifecell,+790977930774,07/20,2406 9749 9345 4742
Kirill Petrov,+790501231981,03/19,6145 1935 5864 1300
Aleksandr Polischuk,+380985301890,08/18,0905 1879 4788 9728
Kirill Glasunov,+380969653627,09/19,4255 8431 5038 1926
Yegor Voron,+790954376401,09/21,4392 6402 8742 9328
Aleksandr Lifecell,+790977413779,06/20,1597 0547 8519 7845
Andrey Glasunov,+790989746535,02/20,2296 1209 9606 0807
Igor Polischuk,+380449869114,11/20,7238 8222 0215 4912
Andrey Polischuk,+380449571774,09/18,5368 8536 5106 3348
Kirill Ivanov,+790954991540,08/21,9526 8922 2957 9283
Leonid Polischuk,+380447235243,11/19,3516 6211 6316 1652
Yegor Ivanov,+380989103272,05/20,0820 0750 1431 3709
Gleb Polischuk,+380957000316,11/18,4090 5087 6048 8703
Leonid Smolenskiy,+380445900628,10/20,4971 0310 7679 5756
Kirill Lifecell,+790983084197,09/21,1087 6885 5282 9091
Andrey Ivanov,+380972602043,01/20,4780 0836 1627 1300
Leonid Petrov,+380444200317,09/18,4641 8293 9921 2953
Aleksandr Petrov,+790442315378,06/20,2967 9761 3716 3697
Igor Smolenskiy,+380955338636,04/21,4107 1642 5597 5537
Gleb Petrov,+380633393507,10/19,0127 3634 9782 1316
Igor Ivanov,+380973710892,06/19,9840 3802 5203 3744
Leonid Lifecell,+380630379448,04/20,0816 0732 1362 2816
Aleksandr Glasunov,+380447676361,09/19,7321 4311 7335 2891
Igor Smolenskiy,+790967850198,08/20,2193 6701 1514 0017
Igor Ivanov,+790973200770,11/19,0988 7255 5471 7850
Leonid Smolenskiy,+790447665644,07/19,2033 9198 8643 0416
Andrey Glasunov,+790636059831,07/19,1804 4498 3164 7884
Leonid Lifecell,+790449139122,01/18,6586 1774 1449 0503
Andrey Petrov,+380442797791,11/21,1148 3298 1439 2543
Kirill Smolenskiy,+380978114596,01/18,4112 5567 5517 5352
Leonid Polischuk,+790665045012,11/19,5156 5471 1991 4371
Yegor Smolenskiy,+790979135629,07/18,9308 3491 1452 2265
Aleksandr Petrov,+790987345254,12/21,2115 5366 6438 8526
Igor Glasunov,+790445763864,06/19,1686 2995 1732 7637
Gleb Petrov,+790951237413,03/18,6212 1646 0550 8788
Leonid Lifecell,+380982608597,12/19,5671 4959 5999 0560
Leonid Polischuk,+790954904319,12/20,9229 8048 6636 9560
Kirill Smolenskiy,+790953653738,05/20,1366 5176 8811 7134
Kirill Ivanov,+790508176094,03/19,4699 1888 2231 5605
Yegor Smolenskiy,+790506217487,11/21,9129 6587 4602 5250
Igor Glasunov,+380635605411,04/21,6765 5437 6281 3625
Kirill Petrov,+380965142602,01/20,3898 9964 9029 2323
Igor Lifecell,+790954910753,08/20,2302 1159 7387 0876
Leonid Glasunov,+380981745620,02/20,5177 8460 5408 5075
Gleb Smolenskiy,+790986797040,09/18,5310 2743 6633 0101
Igor Ivanov,+380974480901,12/20,8973 1529 2801 2347
Aleksandr Voron,+790441706057,09/20,9490 3401 3383 9260
Leonid Lifecell,+380449016290,01/21,8817 9528 9382 7310
Igor Ivanov,+790970592700,05/20,0083 8035 5329 0670
Igor Ivanov,+380449796792,10/18,3355 3337 2556 1158
Leonid Petrov,+790442794352,01/21,8389 8832 1717 6074
Aleksandr Voron,+380440539360,02/20,4226 7506 7523 4357
Igor Lifecell,+790440932472,03/21,8442 7802 3254 0742
Leonid Ivanov,+380504311363,10/20,2697 4422 8204 6584
Gleb Lifecell,+790962857292,03/21,6056 2510 7244 8032
Igor Ivanov,+790449156501,04/19,5569 3680 5419 0445
Gleb Petrov,+380441492768,11/20,1466 9893 2401 1102
Leonid Smolenskiy,+380956684458,03/21,3107 4780 4627 4160
Aleksandr Ivanov,+380445690766,05/20,8907 0487 1320 5625
Yegor Polischuk,+380448418759,06/21,2841 3238 7477 7058
Igor Polischuk,+790966450606,03/21,1727 6927 4424 8553
Aleksandr Glasunov,+380637205590,06/20,2972 3777 3828 3132
Andrey Polischuk,+380988926534,11/20,3226 5064 7738 9625
Andrey Lifecell,+380631828037,08/21,5219 8020 4338 7802
Aleksandr Lifecell,+790970847790,10/18,3793 3691 0850 2720
Aleksandr Lifecell,+790960441097,03/18,7172 6577 2218 3661
Kirill Ivanov,+380443458221,03/18,6785 0382 4936 5093
Igor Lifecell,+790975866683,12/19,2288 3572 4368 8839
Aleksandr Glasunov,+790665814813,01/19,3298 7098 2266 2711
Yegor Glasunov,+790965712756,04/19,2504 0239 8544 3784
Kirill Ivanov,+790957852831,01/20,4861 1544 9000 7248
Andrey Petrov,+380967289958,07/21,8751 8641 3718 2516
Gleb Ivanov,+380632904440,03/19,7296 7658 3269 0130
Kirill Smolenskiy,+380950971769,04/20,5634 2187 8806 7062
Gleb Ivanov,+380636686631,12/19,3666 6135 3517 2768
